"Export time:  2/5/2024, 2:37:48 AM","","ASIN","Product Name","Brand","Price","Monthly Units Sold","Daily Units Sold","Monthly Revenue","Date First Available","Net Revenue","Star Rating","Reviews","Amazon Fees","BSR","LQS","Seller Type","Sellers","Category","Product Tier","Dimensions","Weight","Link"
"","","B0CH8KTMS1","SAYOK Outdoor Inflatable Arch Inflatable Archway Inflatable Start Finish Line Racing Arch Banners with Air Blower for Advertising/Sport Events(Black, 26.25FT)","SAYOK","$299.00","10","1","$2,990","01/11/2024","","4.5","35","","173,438","7","FBA","1","Patio, Lawn & Garden","","","","https://www.amazon.com/dp/B0CH8KTMS1"
"arch","","B084XW1YH4","Adorox 7.8ft Backdrop Stand - Balloon Arch Kit, Stable Balloon Arch Frame, Metal Wedding Arch for Wedding Birthday Party Baby Shower Decoration(Black)","Adorox","$24.99","670","30","$16,743","08/10/2016","$11.16","4.1","5,529","$13.83","6,196","6","FBA","3","Patio, Lawn & Garden","Oversize","7 x 21.75 x 1.75 in","3.9 lb","https://www.amazon.com/dp/B084XW1YH4"
"Average Monthly Sales: 736","","B0CB3Q9ZN1","DABGIH 7.2ft Round Balloon Arch Stand,Wedding Arches for Ceremony, Circle Balloon Arch Frame for Party Background Decoration(Gold)","DABGIH","$42.99","63","2","$2,708","09/20/2023","","4.5","25","","100,886","7","FBA","1","Patio, Lawn & Garden","","","","https://www.amazon.com/dp/B0CB3Q9ZN1"
"Average Revenue: $33,669","","B0BZKLN33H","Byjoph Inflatable Blower Bounce House Air Blower, 0.65HP 470CFM 110V 60Hz for Commercial Inflatable Arch, Jumper, Bouncy Castle","Byjoph","$51.89","83","1","$4,307","03/24/2023","$23.01","","","$28.88","107,621","7","FBA","30","Patio, Lawn & Garden","Oversize","15.31 x 8.5 x 15.83 in","5.44 kg","https://www.amazon.com/dp/B0BZKLN33H"
"Average Price: $53.54","","B0B395KW3C","KAIYUN Balloon Arch, Innovation Large Sturdy Balloon Arch Kit,10Ft Wide & 9FT Tall Adjustable Balloon Arch Stand with Water Fillable Bases, Manual Pump - for Wedding, Birthday, Baby Shower, Graduation","KAIYUN","$20.99","2,700","90","$56,673","07/01/2022","","4.3","647","","8,964","7","FBA","3","Home & Kitchen","","","","https://www.amazon.com/dp/B0B395KW3C"
"Average No. of Ratings: 754","","B0BS3KXL3L","5.9Ft Arch Backdrop Stand Wedding Arch Stand Balloon Arch Frame Kit for Wedding Arch Flower Stand Party Background Decoration (Aluminum/Gold)","OFRAME STAND","$29.99","1,080","36","$32,389","02/15/2023","","4.6","379","","4,993","7","FBA","5","Patio, Lawn & Garden","","","","https://www.amazon.com/dp/B0BS3KXL3L"
"Average Sales Rank: 36,505","","B0C232RP68","Putros Metal Arch Backdrop Stand Gold Wedding Arch Stand Set of 2 (7.2FT/6FT) Square Arched Frame for Birthday Party Graduation Ceremony Decoration","Putros","$66.99","3,433","38","$229,977","05/26/2023","","4.5","120","","4,768","7","FBA","3","Patio, Lawn & Garden","","","","https://www.amazon.com/dp/B0C232RP68"
"Average Rating Number: 4.4","","B004AZ38Z0","Heavy Duty Muslin Clamps 4 1/2 inch 6 Pack","Cheaplights","$11.99","","","","11/04/2010","$7.26","4.6","18,879","$4.73","59","5","FBA","1","Photo Studio Equipment","Standard","4.9 x 10.1 x 1.1 in","0.75 lb","https://www.amazon.com/dp/B004AZ38Z0"
"","","B0C1Z7DWSX","Bounce House Blower, 370W 0.5HP Commercial Air Blower with Double-sided Fan Blade Design, Strong Wind and Great Heat Dissipation Properties for Small Bouncy Castle, Jump Slides, Inflatable Arch","ZAFIED","$52.99","218","4","$11,552","05/13/2023","","4.7","41","","54,077","7","FBA","2","Patio, Lawn & Garden","","","","https://www.amazon.com/dp/B0C1Z7DWSX"
"","","B07JK93BW1","AAGUT 12 Inch Galvanized Landscape Staples 25 Pack 11 Gauge Garden Stakes Heavy-Duty Fence Stakes for Weed Barrier Fabric, Ground Cover, Dripper Irrigation Tubing Soaker Hose","AAGUT","$13.99","230","8","$3,218","04/27/2019","$6.75","4.6","2,376","$7.24","23,719","5","FBA","7","Patio, Lawn & Garden","Standard","2.87 x 13.07 x 1.1 in","1.96 lb","https://www.amazon.com/dp/B07JK93BW1"
"","","B00CD2WB3C","Haus & Garten ClassicPRO 8.5' Professional Premium Titanium Bypass Pruning Shears - Use As Pruners, Garden Shears, Heavy Duty Handheld Pruning Shears For Gardening, Clippers, Pruning Scissor Tool","Haus & Garten","$29.95","2,152","188","$64,452","05/10/2013","$22.44","4.6","3,263","$7.51","542","6","FBA","1","Patio, Lawn & Garden","Standard","2.42 x 1.18 x 8.5 in","9 oz","https://www.amazon.com/dp/B00CD2WB3C"
"","","B0C2367V8P","Fomcet Metal Arch Backdrop Stand Set of 2 Gold Wedding Arch Stand 7.2FT & 6FT Arched Backdrop Frame for Birthday Party Baby Shower Graduation Ceremony Decoration","Fomcet","$66.99","2,257","46","$151,196","05/27/2023","","4.3","125","","3,800","7","FBA","3","Patio, Lawn & Garden","","","","https://www.amazon.com/dp/B0C2367V8P"
"","","B0BZY485VF","Shinoske Metal Arch Backdrop Stand-Stylish Garden Arbors-Wedding Arches for Ceremony-Easy to Assemble and Disassemble Gold Backdrop Stand for Weddings,Birthdays,Parties,Garden Decorations (6ft,Gold)","Shinoske","$34.99","450","15","$15,746","07/20/2023","","3.8","57","","13,142","7","FBA","1","Patio, Lawn & Garden","","","","https://www.amazon.com/dp/B0BZY485VF"
"","","B0B934GV3D","Putros Metal Arch Backdrop Stand 7.2FT Gold Wedding Balloon Arched Backdrop Stand Square Arch Frame for Birthday Party Bridal Baby Shower Ceremony Decoration","Putros","$45.99","1,533","47","$70,503","10/07/2022","","4.6","285","","3,678","7","FBA","6","Patio, Lawn & Garden","","","","https://www.amazon.com/dp/B0B934GV3D"
"","","B0BFB3CCF6","HEOMU 6.6FT Round Backdrop Stand Circle Balloon Arch Stand, Metal Arch Backdrop Stand Circle Balloon Arch Frame Wedding Arches for Ceremony, Birthday Party, Baby Shower Backdrop Decoration, White","HEOMU","$30.99","480","16","$14,875","11/20/2022","","4.5","272","","12,002","7","FBA","5","Patio, Lawn & Garden","","","","https://www.amazon.com/dp/B0BFB3CCF6"
"","","B0C9D8Q327","melos 8FT Wedding Arch Round Backdrop Stand, Circle Metal Floral Balloon Arch Stand for Birthday, Backdrop Stand for Parties, Bridal Shower Anniversary Ceremony Candy Tables Celebration, Gold","melos","$39.99","489","19","$19,555","09/15/2023","","4.2","48","","10,397","7","FBA","1","Patio, Lawn & Garden","","","","https://www.amazon.com/dp/B0C9D8Q327"
"","","B0BX23XV7B","Inflatable Color Changing Arch","Generic","$180.00","60","","$10,800","11/05/2023","","5","1","","220,851","5","FBA","2","Patio, Lawn & Garden","","","","https://www.amazon.com/dp/B0BX23XV7B"
"","","B01M1O1147","1. GO Steel Garden Arch, 7'8' High x 4'5' Wide, Garden Arbor for Various Climbing Plant, Outdoor Garden Lawn Backyard","1. GO","$45.99","203","13","$9,336","03/08/2017","","4.3","630","","15,794","6","FBA","2","Patio, Lawn & Garden","","","","https://www.amazon.com/dp/B01M1O1147"
"","","B0CM6MFKQN","Fayavoo Wedding Arch Cover 7.2FT 2 Sided Color Spandex Fitted Arch Backdrop Cover, Round Top Chiara Backdrop Stand Covers for Wedding Birthday Party Baby Shower Banquet Arch Decoration","Fayavoo","$18.99","","","","10/30/2023","","5","1","","8,214","7","FBA","1","Photographic Studio Photo Backgrounds","","","","https://www.amazon.com/dp/B0CM6MFKQN"
"","","B0CBVDWG59","GZYSINFLA 20ft Inflatable Arch with T-Shaped Feet & Blower, Hexagon Inflatables Archway with Interchangeable Start/Finish Line Banners for Race Competition Outdoor Advertising Commerce (Blue)","GZYSINFLA","$259.99","","","$0.00","09/23/2023","","5","7","","498,121","7","FBA","1","Patio, Lawn & Garden","","","","https://www.amazon.com/dp/B0CBVDWG59"
"","","B0BFB72BHL","Fogein 6.6ft Round Backdrop Stand, Stable Circle Balloon Arch Metal Frame for Wedding Birthday Party Baby Shower Decoration(Gold)","Fogein","$36.99","1,830","61","$67,692","11/27/2022","","4.5","420","","2,693","6","FBA","5","Patio, Lawn & Garden","","","","https://www.amazon.com/dp/B0BFB72BHL"
"","","B07QQJTWXX","Newsmarts 7.9Ft Metal Garden Arch Army Green Garden Arbor for Climbing Plant Outdoor Wedding Party","Newsmarts","$27.99","588","38","$16,458","04/10/2020","$13.88","4","866","$14.11","4,802","6","FBA","2","Patio, Lawn & Garden","Oversize","7.874 x 1.969 x 21.26 in","3.968 lb","https://www.amazon.com/dp/B07QQJTWXX"
"","","B0CHP169FH","Suoedd 8FT Wedding Arch Round Backdrop Stand Gold Metal Circle Balloon Arch Frame Stand for Wedding Ceremony Birthday Party Bridal Shower Anniversary Candy Tables Christmas Decoration","Suoedd","$49.99","492","9","$24,595","11/08/2023","","4.3","36","","21,028","7","FBA","2","Patio, Lawn & Garden","","","","https://www.amazon.com/dp/B0CHP169FH"
"","","B0C1R9BFB9","6.6FT Round Backdrop Stand Golden Circle Balloon Arch Kit, Metal Ring Arch Stand for Party Backdrop Decoration, Baby Shower, Birthday Anniversary Bridal Decoration, Gold","Tuenort","$31.99","","","","06/02/2023","","4.4","156","","17","6","FBA","3","Photo Studio Posing Props","","","","https://www.amazon.com/dp/B0C1R9BFB9"
"","","B0CMC2GXH7","Wedding Arch Cover Set of 3 Arch Backdrop, Spandex Fitted Arch Cover for Arch Backdrop StandArch Backdrop Stand Cover for Birthday Party Ceremony Banquet Decoration (Pink, 4FT,5FT,6FT)","FristGlory","$29.99","","","","11/01/2023","","5","5","","23,963","7","FBA","1","Photographic Studio Photo Backgrounds","","","","https://www.amazon.com/dp/B0CMC2GXH7"
"","","B0CN9D5W4T","10FT Mardi Gras Decorations Inflatable Arch, Mardi Gras Wreaths for Front Door,Jester Mask Archway Halloween Blow up Outdoor Decoration Build-in LED Lights,Holiday Addition for Party/Yard/Garden/Lawn","VIKIMORA","$59.99","68","2","$4,079","01/23/2024","","","","","80,465","6","FBA","1","Patio, Lawn & Garden","","","","https://www.amazon.com/dp/B0CN9D5W4T"
"","","B07RS354WM","Vanthylit Set of 2 3PK 30' Brown Lighted Twig Stakes 120 Warm White Pathway Light for Outdoor and Indoor (Vase Excluded)","Vanthylit","$31.99","405","4","$12,956","05/14/2019","$-9.38","4.5","419","$41.37","86,097","6","FBA","1","Tools & Home Improvement","Oversize","0.39 x 29.92 x 70.87 in","1.98 lb","https://www.amazon.com/dp/B07RS354WM"
"","","B0CNX2WW55","Fogein 8.2ft Round Backdrop Stand, Stable Circle Balloon Arch Stand, Metal Circle Arch Stand for Wedding Valentines Birthday Party Baby Shower Decoration,White","","$59.99","30","1","$1,800","","","","","","173,159","","FBA","","Patio, Lawn & Garden","","","","https://www.amazon.com/dp/B0CNX2WW55"
"","","B0C236M7KQ","Asee'm Arch Backdrop Stand Set of 3 Gold Metal Arched Frame (7.2FT, 6FT, 6FT) for Wedding Parties Birthday Ceremony Graduation Anniversary Baby Shower Floral Background Decoration","Asee'm","$85.99","809","25","$69,566","05/18/2023","","4.4","90","","7,521","7","FBA","2","Patio, Lawn & Garden","","","","https://www.amazon.com/dp/B0C236M7KQ"
"","","B0C9CM8F7X","Metal Arch Backdrop Stand, Gold Wedding Arch Stand Set of 3 (7.2FT, 6FT, 6FT), Balloon Arch Stand for Ceremony Parties Birthday Baby Shower Garden Balloon, Garden Arbor Decoration","Shinoske","$82.99","550","19","$45,645","01/06/2024","","5","2","","10,512","7","FBA","1","Patio, Lawn & Garden","","","","https://www.amazon.com/dp/B0C9CM8F7X"
"","","B09DKRS9GD","Zhisheng Garden Arbors,7.9Ft Metal Garden Arbors Green Wedding Arch for Climbing Plant Outdoor Wedding Christmas Party Decoration,240CM","GZYF","$26.79","139","7","$3,724","08/24/2021","$-60.23","3.8","252","$87.02","30,540","6","FBA","1","Patio, Lawn & Garden","Oversize","15.748 x 94.488 x 55.118 in","3.968 lb","https://www.amazon.com/dp/B09DKRS9GD"
"","","B0CPLVPLSJ","Gold Metal Arch Backdrop Stand 2 Set 7.2FT, 6FT Wedding Arch Stand Arched Door Frame for Birthday Party Baby Shower Ceremony Indoor Outdoor Celebration Decor (7.2FT, 6FT)","JALANCY","$71.99","120","4","$8,639","01/19/2024","","","","","45,410","7","FBA","1","Patio, Lawn & Garden","","","","https://www.amazon.com/dp/B0CPLVPLSJ"
"","","B0BKXRCHF9","Anmakou Wedding Gold Arch Backdrop Stand 6FT,5FT,4FT Set of 3 Metal Arched Balloon Frame for Wedding Ceremony Birthday Party Baby Shower Anniversary Graduation Decoration","Anmakou","$82.99","421","22","$34,939","12/11/2022","","4.3","148","","8,774","7","FBA","6","Patio, Lawn & Garden","","","","https://www.amazon.com/dp/B0BKXRCHF9"
"","","B0C7VVV3PD","Balloon Arch Kit - Free Bending Shape, Balloon Column Stand Independent Suspended Standing, 12' Water-Filled Base - Ideal for Weddings, Baby Showers, and Birthday Parties (Golden 8.2ft & 5ft)","Hiins","$39.99","500","19","$19,995","07/25/2023","","4","62","","10,525","7","FBA","2","Patio, Lawn & Garden","","","","https://www.amazon.com/dp/B0C7VVV3PD"
"","","B0C9D7RWS7","8FT Round Backdrop Stand, Circle Balloon Arch Backdrop Frame, Metal Wedding Arch Stand for Wedding Valentine Ceremony, Birthday Party Baby Shower Christmas Decoration (White)","Fogein","$37.99","318","12","$12,081","09/14/2023","","3.8","33","","16,182","7","FBA","2","Patio, Lawn & Garden","","","","https://www.amazon.com/dp/B0C9D7RWS7"
"","","B0CJF45GP3","7.2FT Gold Aluminum Arch Backdrop Stand, Square Balloon Arch Stand Wedding Frame for Birthday Party, Baby Shower, and Ceremony Decoration","WORFEI","$44.99","840","28","$37,792","10/20/2023","","4.6","45","","6,617","7","FBA","1","Patio, Lawn & Garden","","","","https://www.amazon.com/dp/B0CJF45GP3"
"","","B0CGLMR1B4","Wedding Arch Backdrop Stand 7.2FT Gold Wedding Balloon Arched Backdrop Stand Square Arch Frame for Birthday Party Bridal Baby Shower Ceremony Decoration","SPRITE DISPLAY","$44.99","851","16","$38,286","08/24/2023","","4.9","14","","12,126","6","FBA","2","Patio, Lawn & Garden","","","","https://www.amazon.com/dp/B0CGLMR1B4"
"","","B0CKLDFX62","Asee'm 7.2FT Metal Wedding Arch Stand Gold Square Arched Backdrop Frame for Party Ceremony Birthday Bridal Baby Shower Garden Floral Balloon Arch Decoration","Asee'm","$43.99","676","14","$29,737","12/04/2023","","4.3","24","","13,791","7","FBA","1","Patio, Lawn & Garden","","","","https://www.amazon.com/dp/B0CKLDFX62"
"","","B0BW914VMY","DECOJOY Balloon Column Stand Set of 2, Adjustable 7 Feet Balloon Arch Stands with Bases for Floor, Tall Balloon Tower Pillar Assembly Kit for Halloween, Birthday, Party Decorations","Decojoy","$19.99","","","","04/01/2023","","4.6","275","","","7","FBA","1","","","","","https://www.amazon.com/dp/B0BW914VMY"
"","","B0C4P94WTT","Vincidern 6.6 FT Wedding Arch Backdrop Stand for Parties, Balloon Arch Stand, Wedding Arches for Ceremony, Metal Arch Backdrop Stand for Bridal Baby Showers, Birthday Party Decoration Door Frame Gold","Vincidern","$38.99","457","15","$17,818","06/16/2023","","4.3","43","","13,289","6","FBA","4","Patio, Lawn & Garden","","","","https://www.amazon.com/dp/B0C4P94WTT"
"","","B0C8GC38DK","Spandex Fitted Arch Backdrop Cover Chiara Arch Cover Backdrop Fabric,2-Sided Wedding Arch Cover for Wedding Ceremony Birthday Party Baby Shower Banquet Decoration(Beige, 4 x 7.2 ft)","ZpigToor","$25.99","778","24","$20,220","06/17/2023","","4.6","137","","8,101","7","FBA","1","Patio, Lawn & Garden","","","","https://www.amazon.com/dp/B0C8GC38DK"
"","","B0B912F8F1","Fomcet 7.2x4FT Metal Gold Wedding Arch Backdrop Stand Balloon Arched Frame for Ceremony Birthday Party Graduation Bridal Baby Shower Anniversary Background Decoration","Fomcet","$45.99","807","27","$37,114","10/16/2022","","4.4","150","","6,905","7","FBA","3","Patio, Lawn & Garden","","","","https://www.amazon.com/dp/B0B912F8F1"
"","","B0C2373H7D","Fomcet Metal Arch Backdrop Stand Set of 3 Gold Wedding Arch Stand 7.2FT & 6.6FT & 6FT Arched Backdrop Frame for Birthday Party Baby Shower Graduation Ceremony Decoration","Fomcet","$87.99","1,023","31","$90,014","04/10/2023","","4.3","85","","6,098","7","FBA","6","Patio, Lawn & Garden","","","","https://www.amazon.com/dp/B0C2373H7D"
"","","B0C4LMRX7T","Wokceer Wedding Arch 8.5FT Round Backdrop Stand Gold Metal Circle Balloon Arch Frame Stand for Wedding Ceremony Birthday Party Bridal Shower Anniversary Candy Tables Decoration","Wokceer","$49.99","347","12","$17,347","03/26/2022","","4.6","262","","16,611","7","FBA","6","Patio, Lawn & Garden","","","","https://www.amazon.com/dp/B0C4LMRX7T"
"","","B0CQLNFS9V","Wokceer Wedding Arch Backdrop Stand 7.2FT, 6FT Gold Metal Arch Stand Set of 2 for Birthday Party Wedding Ceremony Baby Shower Graduation Decoration","Wokceer","$66.99","1,279","30","$85,680","01/23/2024","","4.3","54","","6,240","6","FBA","1","Patio, Lawn & Garden","","","","https://www.amazon.com/dp/B0CQLNFS9V"
"","","B076JTGHKH","Tytroy Reconfigurable & Easy-to-Assemble Metal Outdoor & Indoor 7'6' Garden or Wedding Arch Arbor for Wedding Bridal Party Elegant Decorations & Garden Climbing Plants Vines (White 1PC)","Tytroy","$25.49","407","13","$10,374","01/07/2018","$14.94","4.1","3,006","$10.55","14,814","7","FBA","13","Patio, Lawn & Garden","Standard","8 x 17 x 2 in","4.949 lb","https://www.amazon.com/dp/B076JTGHKH"
"","","B0BRRLWNG7","Fullvaseer Gold Wedding Arch Stand Metal Wedding Arch Backdrop Stand for Birthday Party Wedding Ceremony Bridal Decoration(5Ft,6Ft)","Fullvaseer","$61.99","364","14","$22,564","03/02/2023","","4.4","81","","14,159","7","FBA","3","Patio, Lawn & Garden","","","","https://www.amazon.com/dp/B0BRRLWNG7"
"","","B0BZXW68BM","Fogein Wedding Arch Backdrop Stand, 6 FT Square Metal Arch Backdrop Stand for Wedding Ceremony Photo Booth, Outdoor Indoor Birthday Party, Garden Floral Balloon Arch Decoration(Gold)","Fogein","$39.99","306","12","$12,237","07/24/2023","","3.7","46","","16,853","6","FBA","1","Patio, Lawn & Garden","","","","https://www.amazon.com/dp/B0BZXW68BM"
"","","B0BKW3KC3P","Asee'm Gold Metal Arch Backdrop Stand Set of 3 Arched Door Frame 6FT/5FT/4FT for Wedding Parties Birthday Graduation Anniversary Celebration Opening Ceremony and Other Indoor Outdoor Decoration","Asee'm","$82.99","516","18","$42,823","12/04/2022","","4.2","122","","11,071","7","FBA","5","Patio, Lawn & Garden","","","","https://www.amazon.com/dp/B0BKW3KC3P"
"","","B0CFQM4GLR","Round Backdrop Stand 6.6ft - Stable Gold Circle Balloon Arch Stand Metal Arch Backdrop Stand for Wedding Birthday Party Baby Shower Decoration","Jutongda","$34.99","399","9","$13,961","10/15/2023","","4.3","38","","22,813","7","FBA","3","Patio, Lawn & Garden","","","","https://www.amazon.com/dp/B0CFQM4GLR"
"","","B09XQKYS7Q","Improved Balloon Arch Kit, 10ft Wide & 9ft Tall Adjustable Balloon Arch Stand with thicken Water Fillable Base, 50pcs Balloon Clip, Balloon Pump, Ground Nails for Wedding, Graduation, Birthday Party","PTKISS","$23.99","810","27","$19,432","05/20/2022","$13.96","4.3","883","$10.03","7,148","","FBA","7","Patio, Lawn & Garden","Standard","10.315 x 16.772 x 2.598 in","3.549 lb","https://www.amazon.com/dp/B09XQKYS7Q"
"","","B0BYDTQBCN","Wokceer Round Backdrop Stand 8FT Gold Wedding Arch Metal Circle Balloon Arch Stand for Birthday Party Wedding Bridal Shower Anniversary Ceremony Candy Tables Decoration","Wokceer","$47.99","583","19","$27,978","09/23/2021","","4.6","441","","10,243","7","FBA","5","Patio, Lawn & Garden","","","","https://www.amazon.com/dp/B0BYDTQBCN"
"","","B0C611GCQD","Garden Arch Trellis for Climbing Plants Outdoor Wedding Arches for Ceremony Black Metal Garden Arbor Indoor Garden Arches for Party Decoration 7.9ft Wide X 6.4ft High or 4.9ft Wide X 7.9ft High","ZANGEROI","$44.99","469","18","$21,100","09/23/2022","","4.2","284","","10,665","7","FBA","1","Patio, Lawn & Garden","","","","https://www.amazon.com/dp/B0C611GCQD"
"","","B0C2CHYBW9","6.6FT Gold Backdrop Stand, Wedding Metal Square Balloon Arch Kit Frame Garden Arbor Frame Flower Ring Stand for Wedding Birthday Party Ceremony Anniversary Photo Background Decoration","Nandae","$42.89","1,593","47","$68,324","08/18/2023","","4.5","199","","3,734","7","FBA","4","Patio, Lawn & Garden","","","","https://www.amazon.com/dp/B0C2CHYBW9"
"","","B0CKZDXZ8L","Wokceer Wedding Arch Cover 7.2FT, 6FT, 6FT Spandex Set of 3 Wedding Arch Stand Covers Round Top Chiara Arch Backdrop Stands Cover for Birthday Party Ceremony Banquet Decor White","Wokceer","$41.64","1,860","62","$77,450","12/23/2023","","4.3","19","","2,636","","FBA","1","Patio, Lawn & Garden","","","","https://www.amazon.com/dp/B0CKZDXZ8L"
"","","B0CFYQPWXS","7.2FT Round Backdrop Stand - Circle Backdrop Stand Gold Balloon Arch Frame kit - Metal Wedding Arch Backdrop Stand - Circle Arch Gold Arch for Parties, Wedding, Baby Shower Decorations","K-Brands","$39.99","607","10","$24,274","11/15/2023","","4.6","49","","19,938","6","FBA","5","Patio, Lawn & Garden","","","","https://www.amazon.com/dp/B0CFYQPWXS"
"","","B0BY8MLTD4","Fomcet 7.2FT Gold Round Backdrop Stand Metal Circle Balloon Arch Frame Large Wedding Arch Stand for Birthday Party Anniversary Valentine Wedding Ceremony Decorations Thickened Square Tubes","Fomcet","$45.99","446","12","$20,512","05/01/2023","","4.5","342","","16,569","7","FBA","1","Patio, Lawn & Garden","","","","https://www.amazon.com/dp/B0BY8MLTD4"
"","","B0BZ7HP5NY","PINPON 7.2FT Hexagon Wedding Arch, Metal Arch Backdrop Stand for Wedding Party Decoration Graduation Anniversary Baby Shower Background, Indoor Outdoor Backdrop Frame Decoration(Golden)","PINPON","$36.99","60","1","$2,219","06/29/2023","","4.9","20","","109,221","6","FBA","1","Patio, Lawn & Garden","","","","https://www.amazon.com/dp/B0BZ7HP5NY"
"","","B0BYDWP7NQ","Fomcet 8FT Gold Round Backdrop Stand Circle Balloon Arch Frame Large Metal Wedding Arch for Anniversary Birthday Party Valentine Ceremony Wedding Decorations Thickened Square Tubes","Fomcet","$47.99","551","13","$26,442","08/09/2021","","4.6","645","","15,184","7","FBA","1","Patio, Lawn & Garden","","","","https://www.amazon.com/dp/B0BYDWP7NQ"
"","","B0C3VWPDDT","Putros Wedding Arch Cover 7.2FT White Spandex Fitted Arch Cover for Round Top Chiara Backdrop Stand Covers for Wedding Birthday Party Decoration","Putros","$25.99","2,061","40","$53,565","07/07/2023","","4.7","120","","4,458","7","FBA","1","Patio, Lawn & Garden","","","","https://www.amazon.com/dp/B0C3VWPDDT"
"","","B083NQ59BC","LANGXUN 9.5ft Large Size Metal Circle Balloon Arch Decoration, for Birthday Decoration, Wedding Decoration, Graduation Decorations and Event Party Supplies, Baby Shower Photo Background Decoration","LANGXUN","$57.99","360","12","$20,876","01/30/2020","","4.5","1,856","","76,424","6","FBA","8","Home & Kitchen","","","","https://www.amazon.com/dp/B083NQ59BC"
"","","B0CMJ7VTBV","Enrichovo Metal Wedding Arch Backdrop Stand,6.6FT Stable Gold Balloon Arched Frame Stand with Base for Wedding Ceremony Birthday Parties Bridal ShowerAnniversary Celebration for Indoor and Outdoor","Enrichovo","$39.99","540","18","$21,595","01/03/2024","","4.3","4","","10,907","","FBA","1","Patio, Lawn & Garden","","","","https://www.amazon.com/dp/B0CMJ7VTBV"
"","","B0CCJG8G62","6.6FT Balloon Arch Stand Metal Round Backdrop Stand with Thickened Water Bags 50pcs Balloon Clip Storage Bag Circle Balloon Arch Frame Wedding Arches for Ceremony Birthday Party Baby Shower Decoration","Antizz","$33.99","594","14","$20,190","09/06/2023","","4.5","18","","13,762","7","FBA","1","Patio, Lawn & Garden","","","","https://www.amazon.com/dp/B0CCJG8G62"