"Export time:  2/1/2024, 11:04:47 AM","","ASIN","Product Name","Brand","Price","Monthly Units Sold","Daily Units Sold","Monthly Revenue","Date First Available","Net Revenue","Star Rating","Reviews","Amazon Fees","BSR","LQS","Seller Type","Sellers","Category","Product Tier","Dimensions","Weight","Link"
"","","B0C9QBRQB4","SpaceAid 4 Pack Bed Sheet Organizers and Storage, Foldable Sheet Organizer for Linen Closet, Sheets Set Folder Keeper with Window XL (Queen & King Size) Organizing Bedding Container, Gray","SpaceAid","$33.98","6,320","301","$214,754","06/28/2023","","4.6","233","","1,634","6","FBA","1","Home & Kitchen","","","","https://www.amazon.com/dp/B0C9QBRQB4"
"bed sheet organizer","","B0CJJHLSXQ","BigPonPon 3-Pack Foldable Bed Sheets Set Organizers and Storage(King & Queen Size),Linen Fabric Closet Organizers with Window,Folding Bedding Storage Box for Bedsheets and Pillow Cube Organizer","BigPonPon","$24.41","1,811","45","$44,207","09/20/2023","$12.61","4.5","60","$11.80","20,227","7","FBA","1","Home & Kitchen","Standard","12.5 x 4.7 x 15 in","5.13 lb","https://www.amazon.com/dp/B0CJJHLSXQ"
"Average Monthly Sales: 914","","B0BT73TJ6K","LINENMATE Twin/Full Size (Ivory 2-Pack) - The Original 2-Pack Linen Storage Container with Sheet-Folding Assisted Panels | Bed Sheets | Duvet Covers | Pillowcases | Towels","LINENMATE","$74.97","957","30","$71,746","01/25/2023","","4.5","173","","30,683","6","FBA","1","Home & Kitchen","","","","https://www.amazon.com/dp/B0BT73TJ6K"
"Average Revenue: $29,339","","B0C9X6NRN2","Chinensis 3 Pack Sheet Organizers and Storage, Grey, Modern Style, Foldable Box, 5'W x 15'D x 13'H, Made from Eco-Friendly Cationic Fabric","chinensis","$35.99","402","6","$14,468","07/02/2023","","4.8","67","","142,994","7","FBA","2","Home & Kitchen","","","","https://www.amazon.com/dp/B0C9X6NRN2"
"Average Price: $37.66","","B0C1BK6DCP","SUOCO Modern Fabric Storage Box, Beige, 4-1/2 in W x 15 in D x 12-3/4 in H, Fits 1 Queen/King Sheet Set or Duvet Cover Set","SUOCO","$49.99","2,433","59","$121,626","06/05/2023","$34.56","4.3","151","$15.43","14,969","7","FBA","2","Home & Kitchen","Standard","12.68 x 4.17 x 15.35 in","8.9 lb","https://www.amazon.com/dp/B0C1BK6DCP"
"Average No. of Ratings: 89","","B0CMJBYYYK","MLGOGO Bed Sheet Organizer 8 Pcs. Set (6+2) Foldable Linen Closet Storage Containers for King/Queen Size Sheets & 6 Elastic Bands. Bedding Storage Linen Closet Organizers w/Window & Handle (Black)","MLGOGO","$43.79","297","11","$13,006","11/02/2023","","4.5","12","","84,620","6","FBA","1","Home & Kitchen","","","","https://www.amazon.com/dp/B0CMJBYYYK"
"Average Sales Rank: 139,905","","B0CNVQ88V5","2 Pack Bed Sheet Organizer and Storage, 2 IN 1 Large Sheet Storage Organizer for Linen Closet(Queen or King Size), Foldable Sheet Set Organizer for Bedding Clothes Blacket Organizing Containers, Black","Jolensoy","$34.99","210","7","$7,348","12/17/2023","","4.6","35","","133,908","","FBA","1","Home & Kitchen","","","","https://www.amazon.com/dp/B0CNVQ88V5"
"Average Rating Number: 4.5","","B0C4LFRYDR","GZOOGHOME 4 Pack Bed Sheet Organizers and Storage, Sheet Folder Organizer for Linen Closet, Foldable Sheets Set Keeper XL (Queen or King Size) Organizing Bedding Container (Circle Window, Black)","GZOOGHOME","$39.99","825","20","$32,992","05/07/2023","$26.66","4.2","143","$13.33","46,791","7","FBA","2","Home & Kitchen","Standard","4.5 x 12.8 x 15 in","3.1 lb","https://www.amazon.com/dp/B0C4LFRYDR"
"","","B0CGNPZVG5","SpaceAid 5 Pack Bed Sheet Organizers and Storage, Foldable Sheet Organizer for Linen Closet, Sheets Set Folder Keeper with Window XL (Queen & King Size) Organizing Bedding Container, White","SpaceAid","$46.98","","","","08/25/2023","","4.7","30","","","6","FBA","1","","","","","https://www.amazon.com/dp/B0CGNPZVG5"
"","","B0CB3S75HL","Furnhome 6 Pack Bed Sheet Organizers and Storage, Sheet Organizer for Linen Closet, Foldable Sheet Set Organizer, Sheet Storage Cube for Beding Sheets, Duvet Covers and Pillowcases","Furnhome","$69.99","223","4","$15,608","07/03/2023","","4.5","69","","191,304","7","FBA","3","Home & Kitchen","","","","https://www.amazon.com/dp/B0CB3S75HL"
"","","B0B8MNZKVC","Bed Sheet Organizer and Storage Size Label Bands | Sheets Set Organizers for Linen Closet - Labeled Elastic Bedding Sheet Keepers Straps for Organizing Foldable Bedsheet Sets (King 4PCs Pack | Cream)","ECOHomes","$9.99","10,556","220","$105,454","10/28/2022","","4.6","397","","2,666","7","FBA","2","Home & Kitchen","","","","https://www.amazon.com/dp/B0B8MNZKVC"
"","","B0CJ28N6W7","SNILOAW Sheets Organizer For Linen Closet, SheetCube Foldable Sheet Organizer (Queen Or King Size) Bed Sheet Organizers Closet Organizers and StorageBedding Organizer (Black, 2 Pack)","SNILOAW","$19.98","674","7","$13,467","10/12/2023","","4.7","20","","121,653","6","FBA","1","Home & Kitchen","","","","https://www.amazon.com/dp/B0CJ28N6W7"
"","","B0CLCZH8FD","TRZZ Sheet Organizers and Storage, 4-Pack, Queen/King Size (Grey), Bed Sheet Organizer, Linen Closet Organizer and Storage for Bed Sheets, Duvet Covers and Pillowcases, 15' L13' W5' H","TRZZ","$49.99","507","10","$25,345","10/18/2023","","4.8","95","","90,992","6","FBA","2","Home & Kitchen","","","","https://www.amazon.com/dp/B0CLCZH8FD"
"","","B0CHFBYL2X","StarAneer 2 Pack Bed Sheet Organizers and Storage; Sheets and Blanket Organizer ; Foldable Organizing Bed Sheets Linen Box with Windows XL(Queen & King Size), beige","StarAneer","$19.99","180","8","$3,598","09/23/2023","","4.7","15","","114,337","7","FBA","1","Home & Kitchen","","","","https://www.amazon.com/dp/B0CHFBYL2X"
"","","B0C9QB47R2","SpaceAid 8 Pack Bed Sheet Organizers and Storage, Foldable Sheet Organizer for Linen Closet, Sheets Set Folder Keeper with Window XL (Queen & King Size) Organizing Bedding Container, Beige","SpaceAid","$62.98","1,292","36","$81,370","06/28/2023","","4.4","125","","25,918","6","FBA","2","Home & Kitchen","","","","https://www.amazon.com/dp/B0C9QB47R2"
"","","B0CJQWBH4N","HUWAILE Sheet Organizers and Storage - 3 Pack Bed Sheet Organizers for All Sheet Sizes, Including Queen/King Size Blankets, Foldable Blanket Organizer/Sheet Storage for Linen Closet, Beige","HUWAILE","$32.99","310","7","$10,227","09/24/2023","$20.41","4.9","50","$12.58","123,896","6","FBA","1","Home & Kitchen","Standard","13 x 5.5 x 15 in","5.9 lb","https://www.amazon.com/dp/B0CJQWBH4N"
"","","B0BZYX9GTS","zjdbset 20 PiecesBed Sheet Organizer Bands Bed Sheet Keepers Closet Organization ElasticLinen Labels for Bed Sheet Sets(Queen,King,Full,Twin)","zjdbset","$15.49","2,846","48","$44,085","04/30/2023","","4.5","73","","18,924","6","FBA","3","Home & Kitchen","","","","https://www.amazon.com/dp/B0BZYX9GTS"
"","","B0C9PL48DM","BIKTIC SheetCube Bed Sheet Organizers and Storage,4 Pack Sheet Folder Organizer (Queen or King Size), Linen Closet Organizer for Bedding Sheets,Duvet Covers and Pillow cases,Grey","BIKTIC","$49.99","1,651","33","$82,533","07/31/2023","","4.8","370","","28,473","7","FBA","4","Home & Kitchen","","","","https://www.amazon.com/dp/B0C9PL48DM"
"","","B0CJJHZS33","Bed Sheet Organizers and Storage - 4 Pack (Queen or King Size),Foldable Storage Box for Duvet Cover Set, Linen Closet Organizer for Bedding Clothes Blankets, Grey","Aokeyee","$39.59","633","24","$25,060","09/20/2023","$26.32","4.7","88","$13.27","39,366","6","FBA","1","Home & Kitchen","Standard","12.9 x 5 x 15 in","4.85 lb","https://www.amazon.com/dp/B0CJJHZS33"
"","","B0CN14LHFP","BigPonPon 6 Pack Bed Sheets Organizers And Storage (King Size),Foldable Sheet Organizer With Handle For Linen Closet,Bedding Organizer Storage For Sheets, Duvet Cover (Beige","BigPonPon","$64.99","490","22","$31,845","09/20/2023","","4.5","40","","42,716","7","FBA","1","Home & Kitchen","","","","https://www.amazon.com/dp/B0CN14LHFP"
"","","B0CM397MB2","GODELAIF Bed Sheet Organizer and Storage, Foldable Sheet Set Organizer for Twin/Full/Queen/King Size, Linen Closet Organizers and Storage with Handle for Sheet Set Bedding Clothes Blanket","GODELAIF","$19.99","296","14","$5,917","10/29/2023","","4.8","86","","68,087","7","FBA","1","Home & Kitchen","","","","https://www.amazon.com/dp/B0CM397MB2"
"","","B0C9Q61MDQ","SpaceAid 6 Pack Bed Sheet Organizers and Storage, Foldable Sheet Organizer for Linen Closet, Sheets Set Folder Keeper with Window XL (Queen & King Size) Organizing Bedding Container, Black","SpaceAid","$49.98","1,097","37","$54,828","06/28/2023","","4.6","130","","24,768","6","FBA","2","Home & Kitchen","","","","https://www.amazon.com/dp/B0C9Q61MDQ"
"","","B0CG1BKS67","MSERCUOR Bed Sheet Organizers and Storage Morocco Style [4 Pack/20L] Larger Sheet Folder Organizer for Duvet Cover Set(Queen or King Size), Bedsheet Organizers for Bedding Clothes Blankets, Grey","MSERCUOR","$38.89","533","12","$20,728","08/18/2023","","4.8","67","","76,559","7","FBA","1","Home & Kitchen","","","","https://www.amazon.com/dp/B0CG1BKS67"
"","","B0CJRLXS9H","Dobyusf Bed Sheet Organizer,Foldable Sheet Organizer and Storage for Linen Closet,Organizing Bedding Container(Queen & King Size) (4 Pack, Grey)","Dobyusf","$56.99","378","6","$21,542","09/24/2023","","4.3","18","","136,647","6","FBA","1","Home & Kitchen","","","","https://www.amazon.com/dp/B0CJRLXS9H"
"","","B0CM3DVLCY","DIMJ Bed Sheet Organizers and Storage 6 Pack, Foldable Sheet Bedding Storage Organizer for Linen Closet, Sheet Set Organizersr (Queen & King Size) with Window Handle for Bed Sheets Duvet Covers.(Grey)","DIMJ","$55.99","597","20","$33,426","12/27/2023","","5","5","","46,632","7","FBA","1","Home & Kitchen","","","","https://www.amazon.com/dp/B0CM3DVLCY"
"","","B0C16JFJJN","SheetCube 4 Pack Bed Sheet Organizers and Storage, Foldable Bedding Storage Box Container with Window and Label, Linen Closet Organizer Folder for Blanket, Duvet Cover Set, Bed Sheet Set - Grey","SUOCO","$26.99","1,344","79","$36,275","06/05/2023","","4.1","553","","10,563","6","FBA","1","Home & Kitchen","","","","https://www.amazon.com/dp/B0C16JFJJN"
"","","B0CJTG9KBP","4Pcs Adjustable Bed Sheet Organizer Bands Label Bands Elastic Bedding Sheet for Pillows Closet Elastic Bedding Sheet Keepers Straps for Foldable Bedsheet2Pcs Queen+2Pcs King, Beige","XRACEPHOL","$6.99","226","6","$1,580","12/16/2023","","5","10","","145,482","6","FBA","1","Home & Kitchen","","","","https://www.amazon.com/dp/B0CJTG9KBP"
"","","B0CJF6N9BT","KAKALGAME Bed Sheet Organizer for Linen Closet Organizers and Storage, 4 Pack (Queen or King Size) Foldable Sheet Storage Box for Bedding Clothes Blankets Duvet Cover Set - Grey","KAKALGAME","$35.99","200","9","$7,198","09/19/2023","","4.6","52","","98,211","6","FBA","1","Home & Kitchen","","","","https://www.amazon.com/dp/B0CJF6N9BT"
"","","B0CFKLXKJL","Bed Sheet Organizer Storage Bins for Closet, 4 PCS Collapsible Bedsheet Container Cube, Linen Closet Cabinet Organization Bag, Foldable Fabric Bedding Storage Box for Duvet Cover Sheets Blanket Towel","Huolewa","$29.99","521","4","$15,625","08/13/2023","$18.16","4.3","67","$11.83","190,357","7","FBA","1","Home & Kitchen","Standard","12.59 x 4.75 x 15.35 in","6 lb","https://www.amazon.com/dp/B0CFKLXKJL"
"","","B0CGDC3QXW","LOTUSPIE Bed Sheet Set Organizer and Storage 2 Pack (Queen or King Size), Foldable Box for Duvet Cover Set, Closet Organizers for Bedding Clothes Blankets, Storage Containers for Bed Sheets","LOTUSPIE","$25.99","216","5","$5,614","08/22/2023","","4.2","8","","179,413","7","FBA","1","Home & Kitchen","","","","https://www.amazon.com/dp/B0CGDC3QXW"
"","","B0C5WL6CFL","KIMBORA Foldable Bed Sheet Organizer and Storage, 3 Pack King Size Sheet Set Organizer for Linen Closet With Clear PVC Sheet Storage for Bedding Sheets, Duvet Covers and Pillow cases","KIMBORA","$23.99","912","18","$21,879","05/21/2023","$13.06","4.3","124","$10.93","51,414","7","FBA","2","Home & Kitchen","Standard","4.5 x 13 x 15 in","1 lb","https://www.amazon.com/dp/B0C5WL6CFL"
"","","B0CFQ7RHWF","NEW NOAM 6Pcs Bed Sheet Organizers and Storage Set, 4-pack Cube Storage, Foldable Sheet Set Organizer with 2-pack Clothes Storage, Linen Closet Organizer for Bed Sheets Set or Duvet Covers, Grey","NEW NOAM","$25.99","215","7","$5,588","08/14/2023","","3.8","30","","130,514","7","FBA","1","Home & Kitchen","","","","https://www.amazon.com/dp/B0CFQ7RHWF"
"","","B0CDLJCPTH","Feverdes SheetCube Bed Sheet Set Organizer 4-Pack (Queen or King Size),Foldable Storage Box,Linen Closet Organizer for Bedding Sheets, Duvet Covers,Blankets and Pillow Cases (Ivory)","Feverdes","$59.99","569","7","$34,134","08/02/2023","","4.3","58","","124,831","6","FBA","1","Home & Kitchen","","","","https://www.amazon.com/dp/B0CDLJCPTH"
"","","B0CL6BMGSD","Tearstone 4 Pack Foldable Nylon Storage Boxes in Grey for Linen Closet, Bedding, Clothes and Blankets","Tearstone","$28.99","77","2","$2,232","08/12/2023","","4.2","26","","399,239","7","FBA","1","Home & Kitchen","","","","https://www.amazon.com/dp/B0CL6BMGSD"
"","","B0CKZ4J9S8","MISSLO Bed Sheet Organizers and Storage Queen/King Size Sheet Folder 4 Pack Linen Closet Organizer with Clear Window Blanket Storage Bags for Bedsheets, Pillow Cases, Towels, Clothes","MISSLO","$16.99","327","10","$5,556","11/23/2023","$9.92","4.6","162","$7.07","87,545","6","FBA","3","Home & Kitchen","Standard","14 x 6.5 x 16 in","15.2 oz","https://www.amazon.com/dp/B0CKZ4J9S8"
"","","B0BT74ZHXK","LINENMATE Queen/King Size (Ivory 2-Pack) - The Original 2-Pack Linen Storage Container with Sheet-Folding Assisted Panels | Bed Sheets | Duvet Covers | Pillowcases | Towels","LINENMATE","$84.97","982","30","$83,441","01/25/2023","$63.39","4.5","173","$21.58","30,683","6","FBA","5","Home & Kitchen","Standard","12 x 4 x 15 in","2.74 kg","https://www.amazon.com/dp/B0BT74ZHXK"
"","","B0CHLW89KK","RUseeN Sheet Organizers and Storage, Foldable Sheet Organizer for Linen Closet, Linen Closet Organizer for Bedding Clothes Blankets (4 Pack)","RUseeN","$29.99","48","3","$1,440","09/07/2023","","4.8","30","","265,302","6","FBA","1","Home & Kitchen","","","","https://www.amazon.com/dp/B0CHLW89KK"
"","","B0CN694NP5","Furnhome 4 Pack Bed Sheet Organizers and Storage, Sheet Organizer for Linen Closet, Foldable Sheet Set Organizer, Sheet Storage for Beding Sheets, Duvet Covers and Pillowcases","Furnhome","$29.99","","","$0.00","01/14/2024","","","","","822,794","7","FBA","1","Home & Kitchen","","","","https://www.amazon.com/dp/B0CN694NP5"
"","","B0B4SC6WSD","Oudain 8 Pieces Bed Sheet Organizer Sheet Keepers Closet Organization King Twin Full Queen Sheet Straps Elastic Bed Sheet Storage Bedding Bands Closet Organizer for Wardrobe Dorm Laundry Room (Black)","Oudain","$13.99","1,086","22","$15,193","06/21/2022","$2.80","4.6","143","$11.19","41,885","7","FBA","1","Home & Kitchen","Oversize","1.38 x 0.01 x 24.02 in","4.6 oz","https://www.amazon.com/dp/B0B4SC6WSD"
"","","B0CCYS6PXG","Bed Sheet Organizer - 2 Pack - Fits Queen/King Sheets, Heavy-duty Oxford Fabric, Pocket, Window and Handle on Both Sides, 5 Blank Labels for Easy Sheet Organization and Storage (Silver Grey)","FORZAROCKET","$17.95","55","","$987.25","07/26/2023","$8.53","4.4","21","$9.42","790,705","6","FBA","1","Home & Kitchen","Standard","12.6 x 2.36 x 15.75 in","4.29 lb","https://www.amazon.com/dp/B0CCYS6PXG"
"","","B0CFV9DB72","GKOKG 6 Pack Black Foldable Nylon Storage Boxes for Linen Closet, Bedding, Clothes, Blankets, Duvet Cover Set","GKOKG","$39.99","138","4","$5,519","08/15/2023","","4","14","","187,077","7","FBA","1","Home & Kitchen","","","","https://www.amazon.com/dp/B0CFV9DB72"
"","","B0CDLFH8PX","Feverdes SheetCube Bed Sheet Organizers and Storage 2 Pack (Queen or King Size),Foldable Bedding Organizer with Zipper,for Bed Sheets, Duvet Covers, Blankets, Pillowcases (Grey)","Feverdes","$39.99","620","9","$24,794","08/02/2023","","4.4","29","","96,773","6","FBA","1","Home & Kitchen","","","","https://www.amazon.com/dp/B0CDLFH8PX"
"","","B0C9X6TM6T","chinensis 6 Pack Sheet organizer,Bed Sheet Storage,Folding Organizers for Bed Sheets,Sheet Storage Organizer,Sheet Set Organizer,Sheet Storage for Closet,Grey","chinensis","$69.99","429","5","$30,026","07/02/2023","","4.8","67","","165,718","7","FBA","3","Home & Kitchen","","","","https://www.amazon.com/dp/B0C9X6TM6T"
"","","B0CHJBZJ4V","AxPower 5 Pack Foldable Bed Sheet Organizers and Storage, Sheet Folder Organizer with Window for Queen or King Sheets, Duvet Covers, and Pillowcases, Linen Closet Organizer for Bedding Clothes Towels","AxPower","$49.99","108","5","$5,399","09/06/2023","","4.3","37","","175,388","6","FBA","1","Home & Kitchen","","","","https://www.amazon.com/dp/B0CHJBZJ4V"
"","","B0CCS2XJNR","Zrfmib Bed Sheet Set Organizer, 2 Pcak Linen Closet Organizers and Storage for Flat Sheets (Queen or King), Foldable Storage Box for Bedding such as Duvet Covers and Pillowcases, Gray-Striped","Zrfmib","$29.99","210","5","$6,298","05/21/2023","","4.4","23","","181,612","6","FBA","1","Home & Kitchen","","","","https://www.amazon.com/dp/B0CCS2XJNR"
"","","B0CHMZ2T23","Finneya Bed Sheet Organizers - 4 Pack (Queen or King Size), Foldable Sheet Cube Storage Container Linen Closet Organizers, Duvet Covers and Pillowcases Storage Box for Bedding Blankets Towels (4 PCS)","Finneya","$39.99","384","14","$15,356","09/07/2023","$26.66","4.8","32","$13.33","68,411","6","FBA","1","Home & Kitchen","Standard","13 x 4.72 x 15 in","5.38 lb","https://www.amazon.com/dp/B0CHMZ2T23"
"","","B0BR3H3Q44","Fixwal 3 Pack Bed Sheet Organizer, Foldable King or Queen Size Sheet Set Organizer Storage Box Containers, Linen Closet Organizer with Zipper for Bedding Sheet, Duvet Covers and Pillowcases(Grey)","Fixwal","$30.99","158","4","$4,896","12/25/2022","","4.5","136","","226,350","6","FBA","4","Home & Kitchen","","","","https://www.amazon.com/dp/B0BR3H3Q44"
"","","B0CJHT4FPJ","BUFOR Sheet Organizer for Linen Closet, Foldable Bed Sheet Organizer, King Size Sheet Storage 4 Pack, Grey","BUFOR","$39.99","164","7","$6,558","09/20/2023","$26.66","4.7","4","$13.33","132,943","6","FBA","1","Home & Kitchen","Standard","13 x 4.3 x 15 in","2 lb","https://www.amazon.com/dp/B0CJHT4FPJ"
"","","B0CF5DJ67N","DELLAN Bed Sheet Organizer, Linen Closet Organizers and Storage, Foldable Cube Sheet Set Organizer (4 Pack)","DELLAN","$39.99","533","12","$21,315","08/08/2023","","4.6","41","","77,037","6","FBA","1","Home & Kitchen","","","","https://www.amazon.com/dp/B0CF5DJ67N"
"","","B0BMDRTR54","20Pcs Clear Vinyl Zippered Storage BagsBlankets Storage Bags Plastic Storage Bags for Sweater Clothes Bed Sheet Organizer with Zipper for Closet Linen Sweater Bed Sheet Pillow10.5 x 10.5 x 2.4 Inch","Hlimior","$23.99","476","13","$11,419","11/14/2022","$15.25","4.4","112","$8.74","71,532","7","FBA","1","Home & Kitchen","Standard","1 x 1 x 1 in","1.7 lb","https://www.amazon.com/dp/B0BMDRTR54"
"","","B0C59N1F13","Steddi Bed Sheet Organizer Bands, Bed Sheet Storage Label Bands, Sheet Organizer Bands, Sheet Labels for Bedding, Sheet Organizers and Storage for Bed Sheets, Pillow Case, Duvet (Queen)","Steddi","$11.99","138","4","$1,655","08/01/2023","","4.4","16","","188,056","6","FBA","1","Home & Kitchen","","","","https://www.amazon.com/dp/B0C59N1F13"
"","","B0CG5WQC2N","6Pcs Bed Sheet Organizer and Storage,Foldable Sheet Set Organizer With Labeled Window Handle Zipper Grey Cube Portable Storage Box for Closet Bedding Clothes Towels Blankets","BINBE","$39.99","45","1","$1,800","08/20/2023","$26.36","5","1","$13.63","566,567","6","FBA","1","Home & Kitchen","Standard","2 x 2 x 2 in","7.26 lb","https://www.amazon.com/dp/B0CG5WQC2N"